fid,id,length
3976,1,4328
3973,2,998
3972,3,42385
3975,4,3905
3974,5,217
3992,6,2507
3997,7,1812
3996,8,5590
3998,9,3959
3991,10,19435
4011,11,31797
4012,12,33517
4001,13,1290
4003,14,1366
4002,15,2675
4027,16,6887
4029,17,268
4028,18,7241
4031,19,352
4030,20,7562
4019,21,1093
4020,22,2627
4043,23,12771
4042,24,5273
4047,25,289
4032,26,18772
4057,27,715
4056,28,3153
4061,29,8380
4062,30,14471
4049,31,3533
4048,32,685
4051,33,2451
4050,34,11311
4053,35,7450
4052,36,639
4054,37,688
4073,38,846
4072,39,4946
4075,40,10381
4074,41,11560
4077,42,18168
4076,43,13161
4079,44,3346
4078,45,2393
4065,46,4814
4064,47,14403
4067,48,14395
4066,49,428
4069,50,3921
4068,51,260
4071,52,5729
4070,53,200
4089,54,947
4088,55,2546
4091,56,660
4090,57,1697
4081,58,747
4080,59,304
4082,60,3213
4087,61,3126
4086,62,946
3845,63,13727
3846,64,11492
3865,65,46394
3864,66,12654
3869,67,7438
3870,68,247
3859,69,10650
3858,70,15174
3860,71,205
3863,72,9955
3877,73,7080
3878,74,424
3901,75,1101
3903,76,3240
3902,77,3381
3912,78,21607
3915,79,15862
3914,80,5653
3916,81,12620
3907,82,375
3909,83,6296
3908,84,3838
3911,85,24131
3937,86,9469
3936,87,4004
3939,88,1940
3938,89,11395
3953,90,9351
3952,91,8074
3954,92,4886
3957,93,7099
3958,94,5618
3731,95,14373
3730,96,11837
3733,97,11518
3732,98,2678
3734,99,5726
3785,100,7859
3784,101,6456
3787,102,10968
3786,103,1943
3789,104,237
3788,105,8500
3791,106,1918
3790,107,38767
3801,108,25127
3800,109,28397
3802,110,11619
3797,111,3707
3799,112,736
3798,113,5277
3592,114,11575
3599,115,13867
3598,116,8708
3591,117,19633
3609,118,17166
3608,119,40546
3610,120,2757
3600,121,10014
3603,122,3984
3605,123,4899
3604,124,4998
3677,125,415
3679,126,2467
3678,127,2010
3683,128,432
3682,129,11096
3467,130,2759
3466,131,1667
3468,132,1739
3471,133,12181
3470,134,4755
3457,135,12858
3458,136,31846
3463,137,635
3462,138,41128
3481,139,1992
3480,140,585
3483,141,649
3482,142,2119
3484,143,16906
3493,144,2768
3492,145,2691
3515,146,9248
3516,147,5958
3545,148,2721
3544,149,1662
3546,150,3103
3539,151,2255
3538,152,252
3541,153,11795
3540,154,5120
3542,155,11079
3567,156,487
3557,157,7811
3558,158,408
3569,159,2163
3568,160,1729
3387,161,8517
3386,162,8284
3388,163,258
3419,164,5655
3420,165,7866
3409,166,4517
3410,167,2604
3413,168,10017
3412,169,25201
3414,170,4076
3433,171,428
3432,172,4862
3435,173,11604
3434,174,747
3437,175,2748
3436,176,1221
3439,177,14939
3438,178,1751
3425,179,31913
3424,180,30732
3426,181,136
3431,182,5096
3430,183,688
3451,184,9346
3452,185,1038
3440,186,18862
3073,187,12125
3074,188,848
3161,189,166
3160,190,11127
3159,191,6548
3181,192,7154
3180,193,2963
2843,194,487
2845,195,11017
2844,196,3819
2757,197,23406
2756,198,10182
2795,199,13584
2794,200,24074
2796,201,4316
2785,202,1024
2787,203,2376
2786,204,16669
25875,205,190792
25877,206,166009
25876,207,148239
25967,208,137816
25968,209,90047
25971,210,93833
25973,211,25658
25972,212,90517
25975,213,91295
25974,214,7533
25404,215,4220
25417,216,4216
25416,217,1537
25419,218,104405
25420,219,13743
25408,220,6987
25411,221,8727
25410,222,10964
25413,223,3509
25412,224,1561
25414,225,27932
27261,226,16146
22425,227,13158
22424,228,63507
22427,229,10527
22426,230,458
22429,231,203147
22428,232,40948
22431,233,105916
22430,234,55566
22417,235,4810
22416,236,8598
22419,237,36610
22418,238,9261
22421,239,55211
22420,240,1832
22423,241,33310
22422,242,146087
22433,243,46698
22432,244,7554
22435,245,25326
22434,246,4831
22437,247,58525
22436,248,122549
22438,249,100877
22281,250,38699
22280,251,68023
22283,252,60668
22282,253,16707
22285,254,2364
22284,255,23365
22287,256,10401
22286,257,38664
22273,258,12717
22272,259,40311
22275,260,12317
22274,261,18586
22277,262,19134
22276,263,18072
22279,264,16241
22278,265,74373
22297,266,10749
22296,267,3481
22299,268,1540
22298,269,1724
22301,270,12061
22300,271,2445
22303,272,5783
22302,273,8254
22289,274,121453
22288,275,34269
22290,276,64199
22293,277,9082
22292,278,40999
22295,279,38730
22294,280,6685
22312,281,1375
22305,282,40665
22304,283,5273
22307,284,7501
22306,285,28770
22309,286,33178
22308,287,82218
22311,288,2626
22328,289,39295
22335,290,34174
22325,291,22976
22327,292,69984
22326,293,68383
22345,294,20692
22344,295,73528
22347,296,50654
22346,297,46778
22349,298,333044
22348,299,556758
22351,300,39946
22350,301,36497
22337,302,133919
22336,303,101774
22339,304,76934
22338,305,30454
22341,306,214816
22340,307,88591
22343,308,242021
22342,309,87133
22361,310,44545
22360,311,116523
22362,312,7410
22353,313,8098
22352,314,7127
22355,315,21777
22354,316,3438
22357,317,48854
22356,318,13382
22359,319,268973
22358,320,147260
22169,321,12
22169,322,12
22168,323,53543
22171,324,37174
22170,325,50610
22173,326,5005
22172,327,20713
22175,328,59051
22174,329,49208
22166,330,28311
22185,331,10360
22184,332,115409
22187,333,2035
22186,334,31902
22177,335,10076
22176,336,11578
22179,337,28491
22178,338,25099
22181,339,5675
22180,340,47862
22183,341,5501
22182,342,8662
22209,343,17331
22210,344,5
22210,345,5
22251,346,120966
22253,347,86247
22252,348,138785
22265,349,55319
22264,350,8682
22267,351,5421
22266,352,18616
22268,353,7075
22271,354,27406
22270,355,18691
22257,356,36851
22256,357,28903
22258,358,31884
22263,359,23492
21889,360,6082
21888,361,50211
21892,362,147222
21945,363,17681
21944,364,75000
21943,365,14742
21942,366,59041
21956,367,132555
21785,368,12835
21784,369,1937
21787,370,10388
21786,371,3978
21783,372,6632
21811,373,42791
21812,374,233462
21887,375,57481
21886,376,140681
21516,377,101664
21510,378,26612
21532,379,22917
21520,380,14307
21524,381,9694
21547,382,22121
21548,383,28414
21567,384,24107
21568,385,23421
21589,386,31171
21419,387,7091
21421,388,12977
21465,389,43257
21468,390,4862
21458,391,9199
21486,392,43037
21472,393,13371
21474,394,18096
21476,395,72814
21498,396,28692
21489,397,8127
21494,398,137159
21099,399,7543
21100,400,19494
20875,401,12735
20877,402,49308
20876,403,65883
20879,404,37202
20878,405,16481
20865,406,196699
20889,407,15421
20888,408,57266
20891,409,6840
20890,410,2879
20893,411,27938
20892,412,62503
20895,413,29582
20894,414,31015
20881,415,55341
20880,416,17200
20883,417,31186
20882,418,31269
20885,419,32671
20884,420,94127
20887,421,56437
20886,422,37529
20907,423,8659
20909,424,18629
20908,425,26727
20911,426,56340
20910,427,1619
20897,428,2052
20896,429,7826
20899,430,9085
20898,431,19481
20901,432,177889
20900,433,66719
20902,434,33852
20921,435,658
20920,436,27797
20923,437,3562
20922,438,8150
20925,439,23757
20924,440,18100
20927,441,6058
20926,442,17243
20913,443,4686
20912,444,6895
20915,445,11420
20914,446,25822
20917,447,16719
20916,448,11343
20919,449,45177
20918,450,4317
20937,451,22155
20939,452,2081
20938,453,24542
20941,454,8716
20940,455,28360
20942,456,59842
20929,457,3678
20928,458,31221
20931,459,1571
20930,460,7955
20933,461,112683
20932,462,89893
20935,463,63951
20934,464,30333
20954,465,34199
20961,466,39893
20960,467,13240
20963,468,18660
20962,469,10561
20761,470,80361
20760,471,34993
20762,472,2748
20777,473,3906
20776,474,39264
20779,475,8263
20778,476,12160
20781,477,53557
20780,478,22146
20783,479,30603
20782,480,41988
20771,481,36262
20773,482,30384
20772,483,60295
20775,484,14449
20774,485,46689
20785,486,28309
20784,487,31244
20787,488,5163
20786,489,49401
20789,490,137149
20788,491,13257
20791,492,156113
20790,493,16512
20829,494,38848
20830,495,36470
20841,496,26872
20840,497,36825
20843,498,51692
20842,499,25791
20844,500,7272
20833,501,18398
20832,502,48286
20835,503,9766
20834,504,25130
20837,505,8933
20836,506,2871
20839,507,6464
20838,508,1460
20857,509,34117
20856,510,49780
20851,511,35482
20850,512,275178
20853,513,63006
20852,514,66529
20855,515,60779
20854,516,46812
20681,517,9762
20680,518,5546
20683,519,19196
20682,520,1962
20685,521,25075
20684,522,6965
20687,523,25345
20686,524,10661
20673,525,28450
20675,526,16217
20674,527,27188
20677,528,2965
20676,529,10735
20679,530,13621
20678,531,64611
20697,532,20492
20696,533,31389
20699,534,62686
20698,535,79922
20701,536,7091
20700,537,72820
20703,538,19699
20702,539,14370
20689,540,132445
20688,541,2639
20695,542,9643
20715,543,55084
20717,544,103579
20716,545,61914
20719,546,36904
20718,547,11973
20705,548,19663
20704,549,5548
20707,550,3598
20706,551,1725
20709,552,66672
20708,553,34008
20710,554,33111
20729,555,41392
20728,556,32532
20730,557,102398
20721,558,14927
20720,559,8316
20723,560,93359
20722,561,32872
20725,562,1613
20724,563,4505
20727,564,11489
20726,565,41987
20553,566,2165
20552,567,15013
20551,568,8504
22657,569,4955
22656,570,35176
22659,571,7628
22658,572,41933
22661,573,19369
22660,574,7383
22663,575,25504
22662,576,7966
22568,577,76822
22567,578,25585
22584,579,45298
22587,580,1221
22589,581,113433
22588,582,120402
22591,583,20372
22590,584,58497
22593,585,5332
22592,586,32504
22595,587,72459
22594,588,114984
22617,589,107495
22616,590,2371
22619,591,73219
22618,592,114861
22620,593,142702
22636,594,1362
22651,595,69887
22653,596,169106
22652,597,8364
22655,598,74198
22641,599,115538
22643,600,78021
22642,601,12203
22645,602,20102
22644,603,79520
22647,604,26528
22646,605,37282
18313,606,19000
18312,607,57319
18329,608,13951
18328,609,32452
18331,610,13686
18330,611,6452
18333,612,9149
18332,613,10878
18335,614,27302
18334,615,8319
18325,616,69921
18327,617,24735
18326,618,17423
18345,619,18712
18344,620,49454
18347,621,1096
18346,622,8917
18349,623,12639
18348,624,58847
18351,625,61207
18350,626,10117
18337,627,33064
18336,628,17302
18339,629,22751
18338,630,14927
18341,631,9629
18340,632,6562
18343,633,510
18342,634,14270
18361,635,8189
18360,636,8891
18363,637,1833
18362,638,15783
18364,639,50491
18353,640,75617
18352,641,36670
18355,642,20947
18354,643,7119
18357,644,21392
18356,645,25161
18359,646,36570
18358,647,41717
18201,648,3085
18200,649,54145
18203,650,20173
18202,651,7861
18205,652,25865
18204,653,41771
18207,654,5642
18206,655,2144
18195,656,22048
18197,657,1707
18196,658,65053
18199,659,2317
18198,660,19729
18209,661,3475
18208,662,8683
18211,663,28901
18210,664,47133
18213,665,8976
18212,666,6016
18215,667,12994
18214,668,35699
18239,669,737
18238,670,41426
18248,671,10717
18241,672,8566
18240,673,36785
18243,674,6931
18242,675,13268
18245,676,39974
18244,677,36571
18247,678,57194
18246,679,19024
18295,680,19636
18294,681,45757
18049,682,12902
18048,683,8073
18051,684,15058
18050,685,26252
18052,686,8392
18069,687,40577
18068,688,18971
18071,689,31588
18070,690,12497
18089,691,12450
18088,692,77025
18091,693,47221
18090,694,49937
18093,695,42297
18092,696,28574
18094,697,24319
18120,698,54272
18125,699,11391
18124,700,73621
18119,701,8644
18118,702,20384
18137,703,9416
18139,704,34857
18138,705,38331
18141,706,35240
18140,707,11326
18142,708,6816
17929,709,11292
17928,710,15409
17931,711,58282
17930,712,38876
17933,713,11310
17932,714,30974
17935,715,8847
17934,716,21369
17949,717,2426
17951,718,17050
17950,719,23444
17937,720,11205
17936,721,7235
17939,722,44029
17938,723,39373
17941,724,8710
17940,725,23919
17953,726,31689
17952,727,4950
17997,728,11134
17996,729,14414
17999,730,6572
17998,731,28990
18009,732,9304
18008,733,11867
18001,734,30933
18000,735,8245
18003,736,6828
18002,737,8530
18005,738,13696
18004,739,53898
18007,740,11045
18006,741,4254
18025,742,12840
18024,743,2369
18027,744,61246
18026,745,35404
18029,746,9329
18028,747,34813
18031,748,7686
18030,749,50490
18023,750,12397
18041,751,3241
18040,752,5426
18043,753,6490
18042,754,36565
18047,755,4046
18046,756,3276
18033,757,24441
18032,758,21250
18035,759,40101
18034,760,24122
18037,761,1459
18036,762,21669
18039,763,3136
18038,764,7356
17801,765,32741
17800,766,2776
17803,767,21770
17802,768,32020
17805,769,22656
17804,770,5619
17807,771,19035
17806,772,24294
17793,773,24562
17792,774,25091
17795,775,17716
17794,776,30338
17797,777,10622
17796,778,8671
17799,779,14786
17798,780,52233
17817,781,3019
17816,782,14351
17819,783,18862
17818,784,36497
17821,785,3041
17820,786,5326
17823,787,13434
17822,788,23658
17809,789,28322
17808,790,1329
17811,791,3022
17810,792,5938
17813,793,9450
17812,794,7218
17815,795,25628
17814,796,11084
17825,797,20222
17824,798,35108
17827,799,17275
17826,800,16134
17829,801,7438
17828,802,1033
17830,803,8509
17869,804,2709
17871,805,24225
17870,806,17131
17873,807,23570
17872,808,39390
17874,809,44060
17913,810,31748
17912,811,7957
17914,812,21644
17911,813,63746
17910,814,2084
17667,815,50282
17669,816,45886
17668,817,15319
17567,818,38846
17557,819,3635
17559,820,5107
17558,821,1594
17569,822,62865
17568,823,10231
17571,824,26621
17570,825,38448
17573,826,4019
17572,827,19218
17625,828,586
17624,829,19916
17626,830,65628
17623,831,9384
17622,832,35223
17633,833,1321
17635,834,29392
17634,835,7629
17637,836,19040
17636,837,41136
17639,838,4160
17638,839,25343
17656,840,63969
17653,841,61702
17655,842,27175
17654,843,27894
17417,844,13589
17416,845,33948
17419,846,22221
17418,847,18417
17421,848,22374
17420,849,27537
17423,850,12107
17422,851,14241
17409,852,19306
17408,853,8212
17411,854,16574
17410,855,1999
17413,856,26497
17412,857,38340
17415,858,10541
17414,859,10285
17424,860,11709
17496,861,32934
17495,862,24849
17494,863,12243
17512,864,107633
17511,865,25268
17510,866,34510
17528,867,57145
17527,868,39074
17526,869,13586
17281,870,2579
17280,871,542
17282,872,9329
17401,873,42110
17400,874,56266
17405,875,13866
17407,876,23900
17406,877,23992
17209,878,20188
17208,879,8916
17211,880,7812
17210,881,17831
17213,882,25190
17212,883,13451
17215,884,30280
17214,885,6443
17224,886,25548
17229,887,11877
17228,888,67591
17231,889,30523
17230,890,48070
17217,891,20147
17216,892,41348
17219,893,554
17218,894,2871
17221,895,14329
17220,896,14835
17223,897,23747
17222,898,7396
17233,899,60183
17232,900,36442
17273,901,1306
17272,902,9713
17275,903,3058
17274,904,6440
17277,905,537
17276,906,20467
17279,907,9153
17278,908,2765
17265,909,23826
17264,910,1576
17267,911,8377
17266,912,6674
17269,913,20234
17268,914,28542
17271,915,8470
17270,916,15405
17025,917,22295
17024,918,20956
17027,919,12768
17026,920,6686
17029,921,46523
17028,922,7086
17030,923,27039
17083,924,26283
17082,925,7784
17085,926,29977
17084,927,8376
17087,928,6155
17086,929,43272
17097,930,3699
17096,931,10827
17089,932,10653
17088,933,12422
17091,934,35945
17090,935,2198
17093,936,5799
17092,937,20732
17095,938,3435
17094,939,15076
17147,940,21692
17149,941,24637
17148,942,60651
16897,943,20282
16896,944,30581
16899,945,21391
16898,946,21970
16900,947,27343
16921,948,8065
16920,949,10095
16923,950,12322
16922,951,39444
16925,952,13492
16924,953,14130
16917,954,12620
16919,955,12943
16918,956,4956
16937,957,4291
16936,958,58745
16939,959,4796
16938,960,1109
16941,961,11986
16940,962,2723
16943,963,25013
16942,964,3442
16931,965,4304
16930,966,5875
16933,967,17801
16932,968,22421
16935,969,13689
16934,970,25123
16953,971,3588
16952,972,36571
16954,973,56089
16947,974,9860
16946,975,15667
16949,976,17758
16948,977,17547
16951,978,20526
16950,979,27189
17003,980,14447
17002,981,12821
17005,982,26135
17006,983,16661
16999,984,14294
17021,985,19421
17020,986,17689
17023,987,27950
17022,988,11912
16779,989,36856
16778,990,38540
16781,991,38739
16780,992,27649
16783,993,44941
16782,994,11024
16793,995,14918
16792,996,133470
16795,997,10104
16794,998,12482
16797,999,505
16796,1000,66465
16799,1001,8782
16798,1002,13247
16785,1003,8156
16784,1004,82234
16787,1005,32152
16786,1006,35510
16789,1007,12710
16788,1008,26718
16791,1009,17730
16790,1010,126737
16831,1011,24070
16830,1012,40993
16833,1013,9900
16832,1014,25791
16835,1015,37207
16834,1016,46529
16871,1017,12970
16870,1018,267911
16891,1019,25890
16890,1020,8488
16893,1021,21331
16892,1022,20628
16895,1023,29902
16894,1024,1732
16649,1025,10010
16648,1026,1226
16651,1027,4356
16650,1028,6703
16653,1029,8009
16652,1030,2047
16655,1031,8683
16654,1032,1233
16641,1033,6312
16640,1034,12242
16643,1035,3794
16642,1036,2977
16645,1037,8188
16644,1038,3491
16647,1039,1044
16646,1040,9110
16665,1041,1098
16664,1042,5706
16667,1043,3548
16666,1044,3526
16669,1045,1029
16668,1046,11191
16671,1047,9256
16670,1048,5249
16657,1049,699
16656,1050,911
16659,1051,24783
16658,1052,6127
16661,1053,2514
16660,1054,6814
16663,1055,3030
16662,1056,4104
16673,1057,5777
16672,1058,53475
16676,1059,65856
16751,1060,8767
16750,1061,33433
16752,1062,32447
16521,1063,18157
16520,1064,9751
16523,1065,1368
16522,1066,8673
16525,1067,7464
16524,1068,4546
16527,1069,4010
16526,1070,3715
16513,1071,4222
16512,1072,13922
16515,1073,3580
16514,1074,14201
16517,1075,12930
16516,1076,11684
16519,1077,15776
16518,1078,10973
16537,1079,12675
16536,1080,3431
16539,1081,7519
16538,1082,3404
16541,1083,13770
16540,1084,7398
16543,1085,3511
16542,1086,5723
16529,1087,7223
16528,1088,3624
16531,1089,5681
16530,1090,12009
16533,1091,35811
16532,1092,541
16535,1093,6209
16534,1094,6996
16553,1095,1363
16552,1096,26287
16555,1097,5675
16554,1098,3045
16557,1099,5492
16556,1100,495
16559,1101,10222
16558,1102,3954
16545,1103,640
16544,1104,11099
16547,1105,10030
16546,1106,11203
16549,1107,8139
16548,1108,11298
16551,1109,7480
16550,1110,9821
16569,1111,5924
16568,1112,9599
16571,1113,5680
16570,1114,739
16573,1115,3659
16572,1116,2103
16575,1117,2112
16574,1118,53909
16561,1119,6361
16560,1120,10026
16563,1121,667
16562,1122,16378
16565,1123,1990
16564,1124,3337
16567,1125,2281
16566,1126,13473
16585,1127,4038
16584,1128,4511
16587,1129,6902
16586,1130,1702
16589,1131,13193
16588,1132,2315
16591,1133,7237
16590,1134,13783
16577,1135,1061
16576,1136,4592
16579,1137,11542
16578,1138,7540
16581,1139,9342
16580,1140,11319
16583,1141,652
16582,1142,3377
16601,1143,5318
16600,1144,8846
16603,1145,15455
16602,1146,3618
16605,1147,2350
16604,1148,11186
16607,1149,775
16606,1150,3372
16593,1151,6445
16592,1152,9717
16595,1153,2882
16594,1154,10728
16597,1155,21769
16596,1156,556
16599,1157,2551
16598,1158,7359
16617,1159,1760
16616,1160,1049
16619,1161,3715
16618,1162,360
16621,1163,7084
16620,1164,6755
16623,1165,7836
16622,1166,6213
16609,1167,5970
16608,1168,545
16611,1169,534
16610,1170,877
16613,1171,5139
16612,1172,2462
16615,1173,1626
16614,1174,6600
16633,1175,3448
16632,1176,1842
16635,1177,9637
16634,1178,9412
16637,1179,3270
16636,1180,5592
16639,1181,3132
16638,1182,4631
16625,1183,4453
16624,1184,1028
16627,1185,3410
16626,1186,1160
16629,1187,4541
16628,1188,9077
16631,1189,2815
16630,1190,9237
16393,1191,16174
16392,1192,1432
16395,1193,17926
16394,1194,8796
16397,1195,2014
16396,1196,9258
16399,1197,3565
16398,1198,6923
16385,1199,284
16384,1200,7436
16387,1201,9855
16386,1202,5866
16389,1203,2843
16388,1204,8054
16391,1205,5045
16390,1206,7104
16409,1207,1073
16408,1208,11160
16411,1209,1604
16410,1210,3421
16413,1211,24147
16412,1212,1389
16415,1213,16194
16414,1214,1710
16401,1215,597
16400,1216,5023
16403,1217,8769
16402,1218,4847
16405,1219,4607
16404,1220,11133
16407,1221,3005
16406,1222,4689
16425,1223,1002
16424,1224,14655
16427,1225,17717
16426,1226,2577
16429,1227,5085
16428,1228,10258
16431,1229,1936
16430,1230,14921
16417,1231,8298
16416,1232,7584
16419,1233,7857
16418,1234,6242
16421,1235,1393
16420,1236,3017
16423,1237,13642
16422,1238,2315
16441,1239,13732
16440,1240,16131
16443,1241,16234
16442,1242,3448
16445,1243,4226
16444,1244,1916
16447,1245,28205
16446,1246,476
16433,1247,4344
16432,1248,18316
16435,1249,7071
16434,1250,9865
16437,1251,7793
16436,1252,8132
16439,1253,5541
16438,1254,14380
16457,1255,598
16456,1256,3873
16459,1257,4048
16458,1258,6020
16461,1259,910
16460,1260,9614
16463,1261,1093
16462,1262,8762
16449,1263,51050
16448,1264,11387
16451,1265,15768
16450,1266,8807
16453,1267,4421
16452,1268,3663
16455,1269,6300
16454,1270,3133
16473,1271,4888
16472,1272,12266
16475,1273,3859
16474,1274,12216
16477,1275,10477
16476,1276,2604
16479,1277,1339
16478,1278,18307
16465,1279,4041
16464,1280,9317
16467,1281,4507
16466,1282,1193
16469,1283,12350
16468,1284,8706
16471,1285,1804
16470,1286,6386
16489,1287,13325
16488,1288,1817
16491,1289,1197
16490,1290,4472
16493,1291,5616
16492,1292,10102
16495,1293,12528
16494,1294,1180
16481,1295,4892
16480,1296,4021
16483,1297,13002
16482,1298,2214
16485,1299,7120
16484,1300,2532
16487,1301,3662
16486,1302,3796
16505,1303,5063
16504,1304,1841
16507,1305,10563
16506,1306,9656
16509,1307,2177
16508,1308,6582
16511,1309,4363
16510,1310,18560
16497,1311,6989
16496,1312,7301
16499,1313,6917
16498,1314,2856
16501,1315,18859
16500,1316,3459
16503,1317,3908
16502,1318,7320
20363,1319,20376
20362,1320,114250
20365,1321,101233
20364,1322,11607
20357,1323,142788
20384,1324,79484
20409,1325,8513
20408,1326,23982
20411,1327,29044
20410,1328,403803
20412,1329,108480
20415,1330,126150
20401,1331,12869
20400,1332,10927
20403,1333,140090
20402,1334,114318
20405,1335,171132
20404,1336,95472
20407,1337,103784
20406,1338,23711
20418,1339,139304
20435,1340,155397
20459,1341,36163
20458,1342,132221
20449,1343,214915
20448,1344,196718
20451,1345,87089
20450,1346,91220
20453,1347,33652
20454,1348,45491
20237,1349,39133
20225,1350,45133
20224,1351,21997
20243,1352,100493
20242,1353,86531
20285,1354,108746
20276,1355,86118
20297,1356,254386
20296,1357,152251
20299,1358,340404
20298,1359,135502
20301,1360,81879
20300,1361,71204
20302,1362,90220
20292,1363,86623
20313,1364,60986
20315,1365,48145
20314,1366,46292
20317,1367,139783
20316,1368,8200
20318,1369,18089
20305,1370,7590
20307,1371,174388
20306,1372,6219
20329,1373,52064
20321,1374,70680
20327,1375,98695
20351,1376,259141
20096,1377,15688
20175,1378,28881
20185,1379,46809
20184,1380,5193
20187,1381,14720
20186,1382,1445
20177,1383,11529
20176,1384,5896
20179,1385,32253
20178,1386,3481
20181,1387,67114
20180,1388,7939
20183,1389,23042
20182,1390,6008
20202,1391,99660
20197,1392,19721
20198,1393,19932
20223,1394,121263
20222,1395,74366
20210,1396,83545
20214,1397,82540
19969,1398,7343
19968,1399,8322
19971,1400,7042
19970,1401,8871
19972,1402,70801
19996,1403,46448
20009,1404,30489
20008,1405,15985
20011,1406,14145
20010,1407,8951
20013,1408,2871
20012,1409,12669
20015,1410,26109
20014,1411,3083
20005,1412,16861
20004,1413,13037
20007,1414,7243
20006,1415,60
20017,1416,5215
20016,1417,11509
20019,1418,2214
20018,1419,8014
20047,1420,42134
20035,1421,12863
20037,1422,17607
20036,1423,7712
20049,1424,35635
20048,1425,17469
20089,1426,5602
20088,1427,11724
20091,1428,4972
20090,1429,14382
20093,1430,14184
20092,1431,5418
20095,1432,12913
20094,1433,36530
20085,1434,47120
20087,1435,15244
20086,1436,3964
19840,1437,16667
19843,1438,86808
19844,1439,18272
19871,1440,43512
19870,1441,85187
19858,1442,67070
19883,1443,15508
19885,1444,25342
19884,1445,14778
19887,1446,11017
19886,1447,63945
19873,1448,1841
19872,1449,6495
19899,1450,30716
19898,1451,31081
19889,1452,10137
19888,1453,17314
19891,1454,285
19890,1455,4839
19893,1456,18123
19892,1457,8510
19913,1458,14269
19915,1459,55572
19914,1460,7002
19917,1461,41329
19916,1462,13528
19918,1463,43146
19931,1464,4292
19933,1465,46269
19932,1466,26964
19935,1467,50142
19934,1468,15162
19945,1469,4554
19944,1470,5806
19947,1471,21437
19946,1472,4385
19949,1473,11489
19948,1474,33365
19951,1475,22933
19950,1476,19121
19937,1477,40959
19939,1478,1835
19938,1479,23639
19941,1480,5364
19940,1481,11533
19943,1482,20432
19942,1483,31576
19965,1484,18038
19967,1485,19009
19966,1486,46471
19721,1487,25768
19720,1488,19981
19723,1489,24342
19722,1490,5390
19725,1491,14689
19724,1492,1858
19727,1493,14946
19726,1494,4299
19713,1495,17558
19712,1496,6504
19715,1497,39831
19714,1498,12016
19717,1499,16448
19716,1500,54721
19719,1501,5672
19718,1502,4609
19737,1503,21191
19736,1504,17000
19739,1505,4038
19738,1506,16118
19741,1507,20278
19740,1508,23664
19743,1509,13297
19742,1510,8002
19729,1511,5084
19728,1512,25914
19731,1513,6122
19730,1514,16998
19733,1515,3628
19732,1516,15020
19735,1517,20318
19734,1518,19953
19753,1519,35489
19752,1520,45782
19745,1521,8745
19744,1522,9924
19747,1523,29019
19746,1524,15102
19749,1525,10040
19748,1526,43514
19751,1527,1163
19750,1528,17343
19785,1529,46791
19784,1530,13886
19787,1531,16149
19786,1532,8109
19789,1533,6843
19788,1534,27200
19779,1535,20530
19778,1536,43484
19781,1537,11245
19780,1538,16694
19783,1539,1640
19782,1540,17680
19801,1541,14353
19800,1542,6794
19803,1543,9589
19802,1544,11122
19805,1545,11825
19804,1546,11323
19807,1547,3871
19806,1548,34859
19799,1549,9806
19798,1550,18759
19817,1551,35564
19816,1552,23914
19819,1553,10184
19818,1554,528
19821,1555,17020
19820,1556,10951
19823,1557,9197
19822,1558,19795
19809,1559,329
19808,1560,15882
19811,1561,174453
19810,1562,35247
19813,1563,59978
19812,1564,18646
19815,1565,19682
19814,1566,13282
19833,1567,13944
19832,1568,43242
19835,1569,66766
19834,1570,4606
19837,1571,7903
19836,1572,22360
19839,1573,40526
19838,1574,25611
19825,1575,56859
19824,1576,29668
19827,1577,47067
19826,1578,17171
19829,1579,7694
19828,1580,3836
19831,1581,6232
19830,1582,6307
19593,1583,5062
19592,1584,52017
19595,1585,16783
19594,1586,16581
19597,1587,13118
19596,1588,5307
19599,1589,3898
19598,1590,26804
19591,1591,46751
19590,1592,165116
19609,1593,7395
19608,1594,8866
19611,1595,51421
19610,1596,21125
19613,1597,13141
19612,1598,30459
19615,1599,14104
19614,1600,9023
19601,1601,2739
19600,1602,48878
19603,1603,29237
19602,1604,5609
19605,1605,5162
19604,1606,32472
19607,1607,97
19606,1608,2947
19617,1609,14325
19616,1610,8337
19619,1611,6337
19618,1612,6801
19641,1613,27860
19640,1614,38792
19635,1615,18895
19634,1616,19142
19637,1617,31700
19636,1618,13604
19639,1619,22839
19638,1620,24090
19649,1621,44704
19651,1622,22226
19650,1623,10772
19652,1624,9196
19691,1625,148971
19690,1626,141881
19693,1627,68435
19692,1628,11824
19695,1629,69342
19694,1630,1634
19705,1631,24446
19704,1632,28599
19707,1633,19044
19706,1634,9962
19709,1635,40366
19708,1636,7719
19711,1637,17509
19710,1638,11242
19697,1639,52945
19696,1640,27538
19699,1641,45277
19698,1642,43818
19701,1643,26267
19700,1644,14754
19703,1645,16829
19702,1646,15504
19485,1647,17375
19484,1648,42682
19487,1649,64087
19486,1650,2688
19499,1651,15609
19501,1652,37324
19500,1653,2958
19503,1654,15244
19502,1655,10947
19512,1656,5168
19515,1657,34133
19514,1658,36461
19505,1659,10274
19504,1660,16925
19507,1661,9427
19506,1662,1356
19509,1663,6735
19508,1664,7046
19511,1665,30991
19510,1666,13236
19341,1667,8773
19340,1668,18893
19343,1669,2067
19342,1670,15501
19359,1671,10980
19358,1672,23102
19345,1673,10782
19344,1674,24800
19347,1675,24404
19346,1676,15950
19348,1677,95254
19361,1678,11773
19360,1679,19564
19362,1680,35941
19377,1681,35102
19376,1682,4572
19378,1683,10763
19381,1684,29655
19380,1685,3904
19383,1686,29082
19382,1687,10970
19215,1688,15333
19217,1689,15700
19216,1690,8592
19219,1691,2608
19218,1692,13617
19221,1693,37620
19220,1694,11854
19222,1695,39740
19245,1696,23394
19244,1697,71301
19247,1698,19288
19246,1699,42537
19080,1700,43245
19072,1701,5345
19075,1702,97410
19074,1703,21976
19079,1704,12784
19093,1705,40130
19092,1706,25267
19095,1707,62767
19094,1708,9921
18953,1709,16659
18955,1710,15397
18954,1711,7695
18957,1712,1380
18956,1713,13356
18959,1714,8862
18958,1715,28825
18947,1716,45980
18949,1717,76972
18948,1718,855
18950,1719,1524
18969,1720,12754
18968,1721,5591
18971,1722,7213
18970,1723,29038
18973,1724,23416
18972,1725,8128
18975,1726,4335
18974,1727,22069
18961,1728,14541
18960,1729,1220
18963,1730,20258
18962,1731,88676
18965,1732,23844
18964,1733,65898
18967,1734,17090
18966,1735,22442
18977,1736,5578
18976,1737,9613
18979,1738,10436
18978,1739,5690
18981,1740,17022
18980,1741,31942
18983,1742,6533
18982,1743,1191
19003,1744,13951
19002,1745,31998
19005,1746,38201
19004,1747,30295
19007,1748,243864
19017,1749,47345
19016,1750,39773
19019,1751,60298
19018,1752,19915
19010,1753,158104
19015,1754,16963
19051,1755,49928
19050,1756,106905
19052,1757,9103
19065,1758,7297
19064,1759,8970
19067,1760,31334
19066,1761,20896
19069,1762,10200
19068,1763,9346
19071,1764,29774
19070,1765,11158
19061,1766,43365
19063,1767,22978
19062,1768,62463
18825,1769,29198
18824,1770,560
18827,1771,6823
18826,1772,13735
18829,1773,10453
18828,1774,5675
18831,1775,15368
18830,1776,24287
18817,1777,22417
18816,1778,10616
18819,1779,3966
18818,1780,5057
18821,1781,34494
18820,1782,30388
18841,1783,27140
18840,1784,24403
18843,1785,12002
18842,1786,7909
18833,1787,28179
18832,1788,8294
18835,1789,36639
18834,1790,23328
18837,1791,13444
18836,1792,12008
18839,1793,8892
18838,1794,17347
18873,1795,251
18872,1796,3621
18875,1797,21143
18874,1798,23934
18877,1799,4298
18876,1800,5657
18879,1801,36331
18878,1802,24732
18865,1803,9129
18867,1804,21119
18866,1805,52906
18869,1806,16665
18868,1807,12024
18871,1808,83170
18870,1809,33764
18889,1810,15898
18888,1811,17446
18891,1812,27024
18890,1813,25048
18892,1814,33702
18881,1815,25490
18880,1816,35387
18883,1817,14336
18882,1818,47722
18885,1819,49822
18884,1820,47422
18887,1821,22071
18886,1822,34423
18909,1823,17671
18908,1824,13711
18911,1825,7287
18910,1826,17996
18913,1827,4534
18912,1828,48033
18915,1829,22185
18914,1830,13957
18916,1831,30512
18703,1832,63411
18702,1833,12636
18713,1834,1535
18712,1835,1072
18715,1836,10230
18714,1837,26320
18717,1838,9892
18716,1839,3201
18719,1840,4143
18718,1841,12163
18711,1842,10368
18710,1843,9078
18729,1844,35076
18728,1845,16489
18731,1846,2673
18730,1847,10726
18733,1848,18209
18732,1849,24763
18735,1850,3053
18734,1851,25274
18721,1852,4189
18720,1853,8134
18723,1854,5281
18722,1855,6628
18725,1856,44884
18724,1857,17152
18727,1858,14739
18726,1859,29947
18745,1860,38678
18744,1861,7852
18747,1862,4434
18746,1863,9493
18749,1864,8055
18748,1865,35958
18751,1866,8478
18750,1867,9806
18737,1868,19279
18736,1869,14346
18739,1870,11746
18738,1871,6339
18741,1872,10701
18740,1873,7702
18743,1874,8831
18742,1875,20492
18761,1876,3901
18760,1877,13578
18763,1878,5457
18762,1879,10082
18765,1880,490
18764,1881,4633
18767,1882,5370
18766,1883,3792
18753,1884,3218
18752,1885,6071
18755,1886,9511
18754,1887,3586
18757,1888,1194
18756,1889,9936
18759,1890,6735
18758,1891,9796
18777,1892,5943
18776,1893,3290
18779,1894,44137
18778,1895,69411
18781,1896,26311
18780,1897,2895
18769,1898,24176
18768,1899,1690
18771,1900,27980
18770,1901,5706
18773,1902,9123
18772,1903,5312
18775,1904,10995
18774,1905,877
18792,1906,62335
18795,1907,13236
18797,1908,76958
18796,1909,1867
18799,1910,16018
18798,1911,38131
18809,1912,6903
18808,1913,4947
18811,1914,34084
18810,1915,18896
18813,1916,30877
18812,1917,28660
18815,1918,24074
18814,1919,23519
18801,1920,1464
18800,1921,86143
18803,1922,2895
18802,1923,1917
18805,1924,8379
18804,1925,6842
18807,1926,18477
18806,1927,34678
18621,1928,20148
18620,1929,5334
18623,1930,121058
18622,1931,50792
18665,1932,17372
18666,1933,72327
18681,1934,34449
18680,1935,45193
18677,1936,41880
18676,1937,113561
18679,1938,31919
18678,1939,8060
18505,1940,32578
18504,1941,59027
18509,1942,13149
18508,1943,14483
18511,1944,68186
18510,1945,13322
18503,1946,31494
18521,1947,64937
18520,1948,75700
18523,1949,10881
18522,1950,110022
18525,1951,13749
18524,1952,48747
18527,1953,30857
18526,1954,4600
18513,1955,50845
18512,1956,28771
18515,1957,19269
18514,1958,14977
18517,1959,6110
18516,1960,5980
18519,1961,52235
18518,1962,3855
18537,1963,105630
18536,1964,5017
18539,1965,37153
18538,1966,20588
18541,1967,49413
18540,1968,17120
18543,1969,56495
18542,1970,47410
18529,1971,23299
18528,1972,27709
18530,1973,12828
18535,1974,17644
14223,1975,104047
14235,1976,45537
14234,1977,11357
14237,1978,21500
14236,1979,5663
14239,1980,1211
14238,1981,37352
14224,1982,21954
14241,1983,7416
14240,1984,15535
14329,1985,30022
14328,1986,34802
14331,1987,16833
14330,1988,5009
14333,1989,11954
14332,1990,20412
14334,1991,17758
14323,1992,12254
14325,1993,20644
14324,1994,16831
14327,1995,136556
14326,1996,14938
14089,1997,10550
14088,1998,72480
14091,1999,11180
14090,2000,5868
14092,2001,11370
14087,2002,4386
14157,2003,116850
14158,2004,21496
14169,2005,24621
14171,2006,49162
14170,2007,11294
14185,2008,69039
14184,2009,30846
14181,2010,122768
14183,2011,8118
13967,2012,51946
13953,2013,10186
13952,2014,16192
13968,2015,31534
14009,2016,15763
14008,2017,38185
14011,2018,7804
14010,2019,17745
14013,2020,17144
14012,2021,37884
14003,2022,11015
14005,2023,35861
14004,2024,22202
14007,2025,29363
14034,2026,96220
14039,2027,60231
14038,2028,41175
14073,2029,29562
14072,2030,68574
14075,2031,60731
14074,2032,17389
14077,2033,2666
14076,2034,962
14079,2035,39797
14078,2036,38008
14071,2037,91840
14070,2038,6
14070,2039,6
13853,2040,7580
13852,2041,57396
13855,2042,11725
13854,2043,14531
13857,2044,42164
13856,2045,37408
13901,2046,41537
13903,2047,25273
13902,2048,21969
13913,2049,25167
13912,2050,10584
13915,2051,9856
13914,2052,23175
13917,2053,33256
13916,2054,5359
13919,2055,28767
13918,2056,4137
13905,2057,4595
13904,2058,21001
13907,2059,17955
13906,2060,25869
13909,2061,13561
13908,2062,24453
13911,2063,34512
13910,2064,7524
13929,2065,13899
13928,2066,5600
13931,2067,15153
13930,2068,36405
13933,2069,28348
13932,2070,3713
13935,2071,400
13934,2072,18403
13921,2073,19075
13920,2074,9072
13923,2075,2792
13922,2076,22315
13925,2077,3736
13924,2078,8067
13927,2079,40763
13926,2080,11081
13951,2081,10601
13936,2082,10598
13577,2083,6505
13576,2084,10244
13579,2085,1060
13578,2086,5405
13581,2087,12699
13580,2088,70620
13573,2089,34393
13575,2090,5387
13574,2091,6685
13643,2092,3429
13642,2093,56405
13644,2094,9897
13635,2095,38437
13637,2096,16779
13636,2097,5056
13638,2098,48190
13451,2099,43330
13450,2100,79384
13452,2101,48261
13489,2102,13796
13488,2103,9990
13491,2104,84127
13490,2105,12044
13492,2106,11457
13529,2107,53257
13531,2108,16892
13530,2109,8292
13532,2110,4469
13567,2111,71196
13327,2112,28139
13326,2113,87927
13313,2114,37895
13312,2115,43500
13315,2116,31954
13314,2117,36312
13316,2118,15815
13337,2119,15255
13336,2120,6974
13339,2121,1568
13338,2122,1480
13341,2123,13949
13340,2124,19778
13343,2125,6744
13342,2126,2662
13329,2127,43866
13328,2128,31139
13331,2129,5911
13330,2130,2224
13333,2131,13230
13332,2132,5224
13335,2133,1746
13334,2134,17214
13353,2135,10896
13352,2136,11075
13355,2137,1376
13354,2138,2340
13357,2139,10733
13356,2140,8639
13359,2141,42965
13358,2142,14010
13345,2143,4530
13344,2144,24841
13347,2145,6350
13346,2146,2073
13349,2147,6085
13348,2148,16093
13351,2149,2260
13350,2150,13613
13369,2151,34309
13368,2152,21512
13371,2153,12027
13370,2154,8337
13373,2155,34001
13372,2156,8493
13375,2157,22607
13374,2158,10302
13361,2159,7824
13360,2160,14426
13363,2161,15096
13362,2162,12181
13365,2163,6073
13364,2164,13613
13367,2165,11010
13366,2166,6642
13385,2167,22398
13384,2168,19947
13386,2169,6893
13377,2170,19961
13376,2171,261
13379,2172,5951
13378,2173,11988
13381,2174,8023
13380,2175,7282
13383,2176,5835
13382,2177,16610
13193,2178,7149
13192,2179,2956
13195,2180,26298
13194,2181,67629
13197,2182,33097
13196,2183,4063
13199,2184,34200
13198,2185,48109
13189,2186,18453
13191,2187,45990
13190,2188,12137
13201,2189,21693
13200,2190,20961
13203,2191,35205
13202,2192,5570
13205,2193,48557
13204,2194,7240
13206,2195,7802
13241,2196,4589
13240,2197,70881
13243,2198,20989
13242,2199,62752
13273,2200,16401
13272,2201,14447
13275,2202,2283
13274,2203,5525
13277,2204,25857
13276,2205,2552
13279,2206,18317
13278,2207,30996
13269,2208,8938
13268,2209,22625
13271,2210,14042
13270,2211,16266
13289,2212,23929
13288,2213,18167
13291,2214,21597
13290,2215,22728
13293,2216,22883
13292,2217,1577
13295,2218,23997
13294,2219,9805
13281,2220,1887
13280,2221,21984
13283,2222,13284
13282,2223,15628
13285,2224,49607
13284,2225,10941
13287,2226,12207
13286,2227,7470
13305,2228,4318
13304,2229,20220
13307,2230,21343
13306,2231,7726
13309,2232,19784
13308,2233,4764
13311,2234,3109
13310,2235,5188
13297,2236,31617
13296,2237,51840
13299,2238,26474
13298,2239,5258
13301,2240,5009
13300,2241,8526
13303,2242,5343
13302,2243,13080
13073,2244,193944
13075,2245,44661
13074,2246,269565
13077,2247,115146
13076,2248,67140
13147,2249,256136
13146,2250,117958
13148,2251,10436
12937,2252,100895
12939,2253,50997
12938,2254,5399
12941,2255,2069
12940,2256,5902
12931,2257,96405
12933,2258,24318
12932,2259,108294
12955,2260,16951
12954,2261,33979
12957,2262,28109
12956,2263,17354
12959,2264,3082
12958,2265,8793
12969,2266,28420
12968,2267,18161
12970,2268,33335
12975,2269,29687
12974,2270,28166
12961,2271,5327
12960,2272,23488
12963,2273,2186
12962,2274,48253
12965,2275,3712
12964,2276,26616
12967,2277,30514
12966,2278,33694
12985,2279,3874
12984,2280,52388
12987,2281,10384
12986,2282,12106
12989,2283,12335
12988,2284,16227
12991,2285,50395
12990,2286,3597
12983,2287,24098
12982,2288,34842
13005,2289,133121
12993,2290,75315
12992,2291,2960
12995,2292,5284
12994,2293,23340
12997,2294,3952
12996,2295,9902
13019,2296,78987
12812,2297,148425
12801,2298,35534
12800,2299,20391
12803,2300,16954
12802,2301,2713
12804,2302,11292
12825,2303,139704
12824,2304,17696
12819,2305,36760
12818,2306,1472
12821,2307,101607
12820,2308,55642
12823,2309,7325
12822,2310,1793
12843,2311,28456
12842,2312,72912
12877,2313,69618
12879,2314,75
12878,2315,11070
12881,2316,75
12880,2317,10847
12905,2318,32790
12904,2319,27925
12907,2320,1120
12906,2321,31549
12910,2322,155536
12697,2323,54958
12696,2324,6868
12703,2325,75810
12690,2326,84391
12695,2327,75246
12717,2328,94162
12719,2329,12802
12718,2330,11467
12704,2331,201928
12707,2332,92290
12706,2333,41278
12731,2334,191762
12749,2335,17331
12751,2336,5751
12750,2337,9450
12739,2338,52659
12761,2339,7957
12760,2340,73977
12763,2341,205473
12762,2342,70923
12753,2343,1815
12752,2344,23388
12755,2345,12383
12754,2346,18116
12757,2347,13535
12756,2348,16912
12759,2349,47558
12782,2350,81030
12769,2351,17730
12771,2352,15168
12770,2353,18737
12773,2354,30588
12772,2355,1884
12793,2356,10064
12792,2357,16998
12795,2358,1028
12794,2359,16796
12797,2360,52392
12796,2361,13614
12799,2362,3908
12798,2363,19194
12545,2364,71317
12544,2365,3461
12547,2366,3952
12546,2367,3266
12570,2368,216323
12563,2369,87625
12562,2370,51684
12597,2371,14714
12596,2372,38652
12599,2373,121700
12667,2374,63232
12657,2375,4858
12656,2376,125050
12425,2377,7860
12424,2378,7235
12427,2379,43588
12426,2380,13049
12429,2381,6097
12428,2382,5842
12431,2383,6998
12430,2384,15375
12417,2385,22812
12416,2386,10766
12419,2387,17790
12418,2388,15283
12421,2389,8048
12420,2390,10696
12423,2391,9127
12422,2392,15566
12441,2393,4879
12440,2394,7756
12443,2395,4594
12442,2396,6097
12433,2397,3860
12432,2398,4556
12435,2399,8373
12434,2400,13205
12437,2401,29240
12436,2402,7176
12439,2403,2734
12438,2404,7088
12457,2405,83560
12456,2406,40868
12451,2407,32447
12450,2408,3704
12453,2409,916
12452,2410,3881
12455,2411,28651
12454,2412,20273
12477,2413,15159
12476,2414,37917
12479,2415,25423
12478,2416,11877
12491,2417,63221
12490,2418,91432
12492,2419,93306
12495,2420,159824
12481,2421,20845
12480,2422,32422
12482,2423,33948
12521,2424,37175
12527,2425,8837
12526,2426,27264
12517,2427,58570
12519,2428,154275
12518,2429,217836
12537,2430,151415
12539,2431,24847
12538,2432,9490
12541,2433,2646
12540,2434,12058
12543,2435,54
12543,2436,54
12542,2437,12611
12529,2438,17632
12528,2439,40724
12531,2440,4478
12530,2441,324
12533,2442,17095
12532,2443,29292
12413,2444,7052
12415,2445,12293
12414,2446,23266
16257,2447,21786
16256,2448,15968
16259,2449,1037
16258,2450,95892
16261,2451,2726
16260,2452,49806
16262,2453,17449
16281,2454,45703
16280,2455,73648
16283,2456,28462
16282,2457,26770
16285,2458,26893
16284,2459,37504
16287,2460,20807
16286,2461,61756
16275,2462,61487
16279,2463,30329
16278,2464,190615
16313,2465,13851
16312,2466,29124
16315,2467,4256
16314,2468,13666
16317,2469,53932
16316,2470,9398
16319,2471,3851
16318,2472,18383
16307,2473,14008
16309,2474,35077
16308,2475,27564
16311,2476,11676
16310,2477,2956
16329,2478,384
16328,2479,641
16335,2480,51597
16334,2481,34041
16323,2482,4244
16322,2483,33506
16325,2484,8555
16324,2485,22722
16327,2486,25909
16326,2487,22615
16351,2488,44518
16337,2489,26522
16336,2490,24755
16367,2491,11929
16353,2492,43632
16352,2493,21567
16377,2494,3833
16376,2495,4297
16379,2496,5279
16378,2497,6
16378,2498,6
16381,2499,6935
16380,2500,5963
16383,2501,6308
16382,2502,6141
16369,2503,3638
16368,2504,1302
16371,2505,2029
16370,2506,2531
16373,2507,4380
16372,2508,4645
16375,2509,7600
16374,2510,8817
16137,2511,4834
16136,2512,28404
16139,2513,41917
16138,2514,18009
16140,2515,8367
16129,2516,12783
16128,2517,18229
16131,2518,16298
16130,2519,31885
16133,2520,29477
16132,2521,15297
16135,2522,37316
16134,2523,5040
16169,2524,13024
16168,2525,21611
16171,2526,27801
16170,2527,12320
16173,2528,15151
16172,2529,17023
16174,2530,41903
16165,2531,31955
16167,2532,4680
16166,2533,27196
16193,2534,12545
16192,2535,46603
16195,2536,15698
16194,2537,31036
16235,2538,7887
16234,2539,18370
16237,2540,18667
16236,2541,30417
16239,2542,932
16238,2543,18546
16227,2544,27045
16226,2545,64736
16229,2546,31709
16228,2547,35441
16253,2548,47034
16252,2549,2099
16255,2550,16535
16254,2551,44370
16241,2552,22120
16240,2553,9641
16243,2554,21109
16242,2555,25707
16025,2556,1954
16024,2557,2914
16027,2558,8258
16026,2559,6614
16029,2560,61395
16028,2561,4968
16019,2562,17819
16018,2563,24405
16021,2564,53180
16020,2565,4991
16023,2566,27388
16022,2567,34377
16085,2568,9193
16086,2569,86152
16123,2570,33959
16122,2571,55294
16125,2572,13043
16124,2573,9918
16127,2574,45881
16126,2575,8535
15963,2576,6520
15962,2577,41370
15965,2578,42997
15964,2579,27508
15967,2580,30753
15966,2581,5493
15952,2582,83102
15969,2583,18154
15968,2584,673
15971,2585,6974
15970,2586,2150
15973,2587,54045
15972,2588,26253
15817,2589,38083
15816,2590,31210
15819,2591,11622
15818,2592,66843
15821,2593,3518
15820,2594,32517
15823,2595,16206
15822,2596,5720
15813,2597,628
15812,2598,29613
15815,2599,28396
15814,2600,93719
15833,2601,20026
15832,2602,35905
15835,2603,2493
15834,2604,20270
15836,2605,4436
15825,2606,19319
15824,2607,23719
15827,2608,12390
15826,2609,36737
15829,2610,15392
15828,2611,12083
15830,2612,2733
15855,2613,17513
15854,2614,23997
15856,2615,35183
15625,2616,45912
15624,2617,36395
15627,2618,22847
15626,2619,31046
15629,2620,33355
15628,2621,13865
15631,2622,40501
15630,2623,34546
15641,2624,8712
15640,2625,26192
15633,2626,41754
15632,2627,5602
15635,2628,29295
15634,2629,60807
15637,2630,6326
15636,2631,62899
15639,2632,50200
15638,2633,15377
15649,2634,43496
15648,2635,3877
15650,2636,52850
15673,2637,1614
15672,2638,2957
15675,2639,15278
15674,2640,32741
15677,2641,17469
15676,2642,45998
15679,2643,8315
15678,2644,26005
15665,2645,17787
15667,2646,20992
15666,2647,7469
15669,2648,21890
15668,2649,8602
15671,2650,2541
15670,2651,16719
15681,2652,6024
15680,2653,23834
15683,2654,1442
15682,2655,4756
15684,2656,11817
15709,2657,14440
15708,2658,13349
15711,2659,7203
15710,2660,48056
15713,2661,8706
15712,2662,6299
15715,2663,37946
15716,2664,55788
15513,2665,66548
15512,2666,639
15514,2667,10579
15511,2668,42375
15544,2669,25388
15549,2670,28412
15548,2671,982
15551,2672,21960
15550,2673,16839
15537,2674,13260
15536,2675,10810
15539,2676,42978
15538,2677,49062
15541,2678,74724
15540,2679,50586
15543,2680,11927
15542,2681,14997
15561,2682,18041
15560,2683,8073
15563,2684,2678
15562,2685,14608
15565,2686,12657
15564,2687,8324
15567,2688,19187
15566,2689,81151
15553,2690,31042
15552,2691,11113
15555,2692,55895
15554,2693,10756
15557,2694,7928
15556,2695,20568
15559,2696,4461
15558,2697,3737
15569,2698,3831
15568,2699,7636
15571,2700,10107
15570,2701,8466
15609,2702,20811
15608,2703,15639
15611,2704,26720
15610,2705,8295
15612,2706,28497
15601,2707,35590
15603,2708,34777
15602,2709,9511
15604,2710,34163
15384,2711,63247
15387,2712,38055
15388,2713,67282
15383,2714,52259
15417,2715,11171
15416,2716,64192
15419,2717,27505
15418,2718,11454
15413,2719,28122
15412,2720,5933
15415,2721,37477
15414,2722,29752
15437,2723,1527
15436,2724,5017
15439,2725,5711
15438,2726,18241
15425,2727,28034
15427,2728,9854
15426,2729,22812
15429,2730,35738
15428,2731,38181
15430,2732,22332
15441,2733,22381
15440,2734,65087
15465,2735,580
15464,2736,6122
15467,2737,34719
15466,2738,24950
15469,2739,2670
15468,2740,46982
15249,2741,4497
15248,2742,72159
15251,2743,9052
15250,2744,6795
15253,2745,6038
15252,2746,41955
15279,2747,9950
15278,2748,5365
15271,2749,152626
15292,2750,58297
15281,2751,11502
15280,2752,15978
15283,2753,21389
15282,2754,28594
15285,2755,33869
15284,2756,2505
15307,2757,2928
15309,2758,30525
15308,2759,40636
15311,2760,19332
15310,2761,20020
15313,2762,45655
15312,2763,29271
15315,2764,52051
15316,2765,21326
15177,2766,3687
15176,2767,655
15179,2768,77243
15178,2769,15565
15181,2770,23896
15180,2771,4047
15183,2772,5489
15182,2773,14949
15175,2774,5085
15193,2775,16101
15192,2776,15134
15195,2777,5955
15194,2778,12805
15197,2779,19548
15196,2780,28845
15199,2781,5567
15198,2782,40064
15185,2783,22349
15184,2784,11063
15187,2785,36367
15186,2786,18496
15189,2787,9942
15188,2788,1858
15191,2789,37722
15190,2790,14469
15209,2791,9337
15208,2792,13508
15211,2793,12298
15210,2794,5535
15213,2795,20997
15212,2796,6443
15215,2797,28091
15214,2798,20149
15207,2799,4239
15217,2800,15735
15216,2801,54624
15219,2802,21165
15218,2803,24349
15001,2804,34248
15000,2805,21817
15002,2806,378
14995,2807,27103
14994,2808,100962
14997,2809,34606
14996,2810,1906
14999,2811,14693
14998,2812,16009
15021,2813,35823
15023,2814,99990
15022,2815,52757
15011,2816,11158
15010,2817,96053
15025,2818,82276
15024,2819,82077
15027,2820,48241
15026,2821,49248
15029,2822,137873
15028,2823,58423
15030,2824,54345
15055,2825,34514
15054,2826,21245
15057,2827,11067
15056,2828,15224
15059,2829,2465
15058,2830,20760
15061,2831,19170
15060,2832,5767
15097,2833,20467
15096,2834,61001
15099,2835,42885
15098,2836,21789
15101,2837,3777
15100,2838,15909
14859,2839,22653
14873,2840,25982
14872,2841,24396
14875,2842,51823
14874,2843,15469
14877,2844,10113
14876,2845,10911
14879,2846,3403
14878,2847,5253
14869,2848,23201
14868,2849,40754
14871,2850,10018
14870,2851,8279
14889,2852,4416
14888,2853,14904
14891,2854,7522
14890,2855,5215
14892,2856,10110
14881,2857,7331
14880,2858,19383
14883,2859,6943
14882,2860,10295
14885,2861,14995
14884,2862,29684
14887,2863,1744
14886,2864,7803
14953,2865,31407
14952,2866,40481
14955,2867,16751
14954,2868,11480
14728,2869,24055
14721,2870,1052
14720,2871,8367
14723,2872,1808
14722,2873,41718
14725,2874,29030
14724,2875,1123
14727,2876,15921
14726,2877,41315
14751,2878,5786
14761,2879,36556
14760,2880,4852
14763,2881,48926
14762,2882,14549
14765,2883,12700
14764,2884,50485
14753,2885,9826
14752,2886,17640
14755,2887,38025
14754,2888,1726
14757,2889,89381
14759,2890,50086
14777,2891,51412
14776,2892,23397
14779,2893,49159
14778,2894,11528
14775,2895,105841
14809,2896,59654
14808,2897,66792
14811,2898,53588
14810,2899,41885
14813,2900,24332
14812,2901,56196
14815,2902,22891
14814,2903,17045
14801,2904,19042
14800,2905,4809
14803,2906,86150
14802,2907,7189
14805,2908,155473
14804,2909,49318
14807,2910,96323
14806,2911,88211
14817,2912,13879
14816,2913,779
14819,2914,14312
14818,2915,20766
14821,2916,39737
14820,2917,7929
14822,2918,10087
14841,2919,31166
14840,2920,4254
14843,2921,11699
14842,2922,62298
14844,2923,1935
14839,2924,39752
14838,2925,39162
14601,2926,6934
14600,2927,101495
14603,2928,17128
14602,2929,23841
14604,2930,40041
14607,2931,74711
14606,2932,20984
14635,2933,147162
14665,2934,11248
14664,2935,6343
14659,2936,47435
14658,2937,6638
14661,2938,2603
14660,2939,11185
14663,2940,2064
14662,2941,8833
14681,2942,4781
14680,2943,14267
14683,2944,6335
14682,2945,2576
14685,2946,23217
14684,2947,19741
14687,2948,24299
14686,2949,13041
14675,2950,14124
14677,2951,2866
14676,2952,5350
14679,2953,9683
14678,2954,29049
14697,2955,6467
14696,2956,1287
14699,2957,40911
14698,2958,10036
14701,2959,38240
14700,2960,6094
14703,2961,7148
14702,2962,19009
14689,2963,17843
14688,2964,5879
14691,2965,6996
14690,2966,11935
14693,2967,17355
14692,2968,8033
14695,2969,5401
14694,2970,11435
14713,2971,5733
14712,2972,1726
14715,2973,23222
14714,2974,5484
14717,2975,7558
14716,2976,34701
14719,2977,5728
14718,2978,2271
14705,2979,16082
14704,2980,5799
14707,2981,6446
14706,2982,5553
14709,2983,1533
14708,2984,16866
14711,2985,4284
14710,2986,12134
14473,2987,66664
14472,2988,131225
14475,2989,16780
14474,2990,199823
14465,2991,224307
14464,2992,35791
14467,2993,35482
14466,2994,9772
14469,2995,40387
14468,2996,20381
14471,2997,24555
14470,2998,103702
14489,2999,14667
14488,3000,4833
14491,3001,2563
14490,3002,11209
14493,3003,61056
14492,3004,120644
14495,3005,51070
14494,3006,36188
14483,3007,13700
14482,3008,93357
14485,3009,37220
14484,3010,14237
14487,3011,79165
14497,3012,59915
14496,3013,72520
14499,3014,6161
14498,3015,63599
14501,3016,88967
14500,3017,1255
14523,3018,45388
14525,3019,5540
14524,3020,17660
14512,3021,67914
14553,3022,4378
14552,3023,114185
14555,3024,83167
14554,3025,480
14556,3026,96889
14545,3027,128574
14549,3028,25363
14548,3029,27350
14551,3030,49459
14550,3031,26887
14589,3032,35441
14344,3033,21076
14339,3034,25704
14341,3035,10961
14340,3036,56630
14343,3037,40291
14342,3038,8978
14383,3039,40956
14382,3040,15429
14384,3041,8810
14425,3042,14686
14424,3043,2567
14427,3044,5273
14426,3045,15334
14429,3046,40603
14428,3047,38397
14431,3048,6311
14430,3049,53775
14421,3050,25686
14420,3051,27234
14423,3052,4297
14422,3053,4276
14441,3054,28744
14440,3055,6654
14443,3056,6619
14442,3057,23305
14445,3058,25592
14444,3059,33721
14447,3060,19016
14446,3061,11420
14433,3062,22452
14432,3063,36476
14435,3064,8247
14434,3065,13013
14437,3066,14958
14436,3067,6467
14439,3068,12967
14438,3069,18355
14457,3070,13530
14456,3071,12110
14459,3072,46030
14458,3073,3394
14461,3074,28282
14460,3075,313910
14463,3076,123168
14462,3077,11378
14449,3078,19217
14448,3079,27246
14451,3080,39817
14450,3081,49743
14453,3082,5355
14452,3083,58612
14455,3084,15053
14454,3085,39701
9923,3086,19044
9924,3087,1677
9093,3088,5196
9092,3089,121
9094,3090,5047
9163,3091,12334
9164,3092,2048
9081,3093,1412
9080,3094,6760
9085,3095,209
9087,3096,7889
9086,3097,6742
9079,3098,5705
8221,3099,12719
8220,3100,11465
8220,3101,11465
11801,3102,29333
11800,3103,18822
11803,3104,27943
11802,3105,16933
11805,3106,12413
11804,3107,161891
11807,3108,43927
11806,3109,74852
11799,3110,15271
11821,3111,18491
11820,3112,83380
11823,3113,4097
11822,3114,67076
11809,3115,207150
11808,3116,121837
11833,3117,2899
11832,3118,46482
11835,3119,7902
11834,3120,119351
11836,3121,48408
11831,3122,26006
11871,3123,4048
11872,3124,34113
10273,3125,33349
10272,3126,13613
10275,3127,23698
10274,3128,3802
5937,3129,4736
5936,3130,21139
5161,3131,23445
5160,3132,101600
5162,3133,202644
5157,3134,72340
5156,3135,18280
5021,3136,5495
5020,3137,528
5023,3138,7717
5022,3139,4295
5029,3140,2935
5031,3141,844
5030,3142,3215
5049,3143,9217
5051,3144,174234
5050,3145,15566
5053,3146,145656
5052,3147,67679
5055,3148,53048
5054,3149,125365
5071,3150,61505
5070,3151,121219
5081,3152,5692
5083,3153,1042
5082,3154,7849
5101,3155,316
5103,3156,2482
5102,3157,2932
4865,3158,9668
4864,3159,2235
4866,3160,5121
4869,3161,9706
4868,3162,253
4870,3163,8373
4889,3164,4043
4888,3165,5095
4881,3166,20868
4880,3167,11879
4882,3168,4366
4885,3169,2842
4884,3170,591
4887,3171,194
4886,3172,13930
4921,3173,352
4920,3174,3927
4925,3175,13110
4924,3176,11342
4926,3177,247
4919,3178,2413
4931,3179,2830
4930,3180,2093
4932,3181,1446
4973,3182,331
4975,3183,20428
4974,3184,17822
4985,3185,99825
4986,3186,73033
4749,3187,8899
4751,3188,1445
4750,3189,8596
4757,3190,1844
4759,3191,2018
4758,3192,535
4793,3193,4605
4792,3194,8007
4787,3195,15322
4786,3196,267
4789,3197,11781
4788,3198,917
4791,3199,8189
4808,3200,39804
4807,3201,24011
4824,3202,8368
4829,3203,9250
4828,3204,272
4830,3205,7203
4817,3206,6691
4816,3207,399
4819,3208,443
4818,3209,5539
4821,3210,1839
4820,3211,2031
4823,3212,7698
4822,3213,231
4841,3214,854
4843,3215,1241
4842,3216,1286
4833,3217,599
4835,3218,1319
4834,3219,2252
4837,3220,149
4839,3221,15474
4838,3222,13063
4857,3223,18277
4856,3224,1975
4859,3225,593
4858,3226,21850
4855,3227,4346
4854,3228,2299
4625,3229,33460
4624,3230,203817
4626,3231,201264
4664,3232,251
4663,3233,3150
4662,3234,3626
4680,3235,359
4679,3236,2877
4678,3237,2056
4480,3238,3962
4507,3239,674
4509,3240,1131
4508,3241,2089
4511,3242,1737
4510,3243,1586
4497,3244,9196
4496,3245,8359
4498,3246,8295
4361,3247,41386
4360,3248,40595
4362,3249,18174
4353,3250,166
4352,3251,20745
4357,3252,56051
4356,3253,199
4359,3254,33908
4358,3255,33666
4392,3256,11045
4389,3257,1873
4391,3258,30634
4390,3259,41945
4441,3260,4166
4440,3261,1000
4442,3262,1229
4445,3263,2635
4447,3264,5511
4446,3265,3016
4461,3266,4289
4462,3267,1934
4479,3268,20341
4478,3269,11422
4465,3270,4415
4464,3271,5662
4466,3272,813
4235,3273,4837
4234,3274,5265
4236,3275,6065
4225,3276,10509
4224,3277,355
4226,3278,10934
4255,3279,1701
4254,3280,11985
4321,3281,16982
4320,3282,79822
4351,3283,18451
4104,3284,12746
4097,3285,3224
4096,3286,3952
4098,3287,670
4101,3288,3086
4100,3289,252
4102,3290,4617
4123,3291,11241
4125,3292,1137
4124,3293,8580
4141,3294,9323
4140,3295,4302
4129,3296,23075
4131,3297,13593
4130,3298,17208
4153,3299,795
4155,3300,3175
4154,3301,3608
4147,3302,2217
4146,3303,3505
4173,3304,2619
4172,3305,2073
4174,3306,686
4181,3307,1246
4183,3308,13377
4182,3309,13070
4201,3310,1322
4200,3311,18147
4209,3312,15907
4208,3313,46008
4215,3314,8088
4214,3315,1569
8137,3316,9230
8136,3317,11465
8136,3318,158523
8139,3319,52115
8138,3320,10183
8141,3321,113380
8140,3322,29672
8143,3323,478
8142,3324,42189
8153,3325,58618
8152,3326,11616
8155,3327,36665
8154,3328,5253
8145,3329,94839
8144,3330,15600
8147,3331,72044
8146,3332,46277
8149,3333,14215
8148,3334,27202
8151,3335,57887
8150,3336,20407
224213,3337,12462
